-2.624e-02,44.8984
-2.608e-02,44.8555
-2.592e-02,45.0312
-2.576e-02,44.9922
-2.560e-02,45.0234
-2.544e-02,45.0391
-2.528e-02,45.2266
-2.512e-02,45.0234
-2.496e-02,45.0996
-2.480e-02,45.1309
-2.464e-02,45.1406
-2.448e-02,45.1562
-2.432e-02,45.1328
-2.416e-02,45.1113
-2.400e-02,45.4395
-2.384e-02,45.2539
-2.368e-02,45.4375
-2.352e-02,45.2812
-2.336e-02,45.2617
-2.320e-02,45.4531
-2.304e-02,45.582
-2.288e-02,45.5625
-2.272e-02,45.5703
-2.256e-02,45.7539
-2.240e-02,45.5801
-2.224e-02,45.5957
-2.208e-02,45.7031
-2.192e-02,45.8516
-2.176e-02,45.9258
-2.160e-02,45.8672
-2.144e-02,45.7031
-2.128e-02,45.707
-2.112e-02,45.8301
-2.096e-02,46.1992
-2.080e-02,46.1719
-2.064e-02,46.0566
-2.048e-02,45.8301
-2.032e-02,46.0547
-2.016e-02,46.1113
-2.000e-02,46.3184
-1.984e-02,46.1758
-1.968e-02,46.3457
-1.952e-02,46.1738
-1.936e-02,46.1055
-1.920e-02,46.2539
-1.904e-02,46.4766
-1.888e-02,46.4355
-1.872e-02,46.4277
-1.856e-02,46.4277
-1.840e-02,46.4453
-1.824e-02,46.5742
-1.808e-02,46.8047
-1.792e-02,46.5664
-1.776e-02,46.5879
-1.760e-02,46.5684
-1.744e-02,46.5996
-1.728e-02,46.9141
-1.712e-02,46.7285
-1.696e-02,46.877
-1.680e-02,46.7227
-1.664e-02,46.7402
-1.648e-02,46.7402
-1.632e-02,47.0391
-1.616e-02,46.8418
-1.600e-02,47.0625
-1.584e-02,47.0469
-1.568e-02,46.8535
-1.552e-02,47.0312
-1.536e-02,47.3223
-1.520e-02,47.1523
-1.504e-02,47.1406
-1.488e-02,47.1387
-1.472e-02,47.0957
-1.456e-02,47.3477
-1.440e-02,47.4766
-1.424e-02,47.4609
-1.408e-02,47.4609
-1.392e-02,47.4687
-1.376e-02,47.4316
-1.360e-02,47.4687
-1.344e-02,47.5898
-1.328e-02,47.6035
-1.312e-02,47.5645
-1.296e-02,47.6094
-1.280e-02,47.5918
-1.264e-02,47.5742
-1.248e-02,47.6973
-1.232e-02,47.9414
-1.216e-02,47.7187
-1.200e-02,47.709
-1.184e-02,47.7402
-1.168e-02,47.6973
-1.152e-02,48.0547
-1.136e-02,48
-1.120e-02,48.0625
-1.104e-02,48.0234
-1.088e-02,48.0742
-1.072e-02,48.0234
-1.056e-02,48.3652
-1.040e-02,48.1445
-1.024e-02,48.1348
-1.008e-02,48.1504
-9.920e-03,48.1562
-9.760e-03,48.3164
-9.600e-03,48.4609
-9.440e-03,48.4609
-9.280e-03,48.4375
-9.120e-03,48.4219
-8.960e-03,48.4395
-8.800e-03,48.291
-8.640e-03,48.7793
-8.480e-03,48.6055
-8.320e-03,48.7969
-8.160e-03,48.3887
-8.000e-03,48.5801
-7.840e-03,48.8086
-7.680e-03,48.6895
-7.520e-03,48.9199
-7.360e-03,48.7168
-7.200e-03,48.7187
-7.040e-03,48.8555
-6.880e-03,48.8984
-6.720e-03,49.0234
-6.560e-03,49
-6.400e-03,49.0625
-6.240e-03,49.0547
-6.080e-03,48.8398
-5.920e-03,49.0391
-5.760e-03,49.1602
-5.600e-03,49.1582
-5.440e-03,49.1621
-5.280e-03,49.1895
-5.120e-03,49.1895
-4.960e-03,49.3496
-4.800e-03,49.4375
-4.640e-03,49.4531
-4.480e-03,49.4551
-4.320e-03,49.4844
-4.160e-03,49.4609
-4.000e-03,49.4844
-3.840e-03,49.623
-3.680e-03,49.6055
-3.520e-03,49.6035
-3.360e-03,49.6016
-3.200e-03,49.8086
-3.040e-03,49.5859
-2.880e-03,49.9277
-2.720e-03,49.9395
-2.560e-03,49.9121
-2.400e-03,49.8965
-2.240e-03,49.9062
-2.080e-03,49.9316
-1.920e-03,50.0625
-1.760e-03,50.0312
-1.600e-03,50.0703
-1.440e-03,50.2656
-1.280e-03,50.0645
-1.120e-03,50.0547
-9.600e-04,50.2148
-8.000e-04,50.1699
-6.400e-04,50.3535
-4.800e-04,50.1953
-3.200e-04,50.1973
-1.600e-04,50.1543
1.002e-16,3.50781
1.600e-04,-0.0800791
3.200e-04,-0.0859385
4.800e-04,-0.240235
6.400e-04,-0.0722666
8.000e-04,-0.10547
9.600e-04,0.0664053
1.120e-03,0.0390615
1.280e-03,0.0859365
1.440e-03,0.0859365
1.600e-03,0.0703115
1.760e-03,-0.117188
1.920e-03,0.378905
2.080e-03,0.335937
2.240e-03,0.128905
2.400e-03,0.374999
2.560e-03,0.365233
2.720e-03,0.40039
2.880e-03,0.484374
3.040e-03,0.476562
3.200e-03,0.492187
3.360e-03,0.460937
3.520e-03,0.499999
3.680e-03,0.499999
3.840e-03,0.603515
4.000e-03,0.642577
4.160e-03,0.630858
4.320e-03,0.583983
4.480e-03,0.617187
4.640e-03,0.630858
4.800e-03,0.937499
4.960e-03,0.939452
5.120e-03,0.906249
5.280e-03,0.742187
5.440e-03,0.736327
5.600e-03,0.921874
5.760e-03,1.07422
5.920e-03,0.828124
6.080e-03,1.05469
6.240e-03,1.03125
6.400e-03,1.0625
6.560e-03,1.05469
6.720e-03,1.20117
6.880e-03,1.19336
7.040e-03,1.19726
7.200e-03,1.375
7.360e-03,1.22851
7.520e-03,1.35156
7.680e-03,1.3125
7.840e-03,1.48437
8.000e-03,1.32422
8.160e-03,1.49219
8.320e-03,1.47656
8.480e-03,1.50781
8.640e-03,1.61523
8.800e-03,1.59961
8.960e-03,1.62891
9.120e-03,1.80859
9.280e-03,1.61328
9.440e-03,1.60742
9.600e-03,1.9375
9.760e-03,1.93164
9.920e-03,1.76562
1.008e-02,1.92578
1.024e-02,1.93164
1.040e-02,1.91992
1.056e-02,2.26953
1.072e-02,1.85937
1.088e-02,2.0625
1.104e-02,2.06836
1.120e-02,2.0625
1.136e-02,2.08008
1.152e-02,2.19336
1.168e-02,2.20508
1.184e-02,2.19336
1.200e-02,2.1875
1.216e-02,2.19726
1.232e-02,2.19141
1.248e-02,2.47656
1.264e-02,2.31445
1.280e-02,2.47656
1.296e-02,2.50781
1.312e-02,2.50781
1.328e-02,2.50781
1.344e-02,2.62891
1.360e-02,2.80469
1.376e-02,2.61523
1.392e-02,2.60547
1.408e-02,2.61719
1.424e-02,2.45508
1.440e-02,2.92773
1.456e-02,2.93164
1.472e-02,2.75195
1.488e-02,2.95312
1.504e-02,2.93164
1.520e-02,2.76367
1.536e-02,3.26953
1.552e-02,3.2793
1.568e-02,3.24609
1.584e-02,3.24609
1.600e-02,3.07422
1.616e-02,3.07617
1.632e-02,3.21094
1.648e-02,3.19726
1.664e-02,3.41797
1.680e-02,3.42187
1.696e-02,3.39453
1.712e-02,3.20117
1.728e-02,3.55469
1.744e-02,3.71875
1.760e-02,3.48437
1.776e-02,3.52344
1.792e-02,3.5625
1.808e-02,3.54687
1.824e-02,3.58008
1.840e-02,3.62695
1.856e-02,3.80469
1.872e-02,3.60742
1.888e-02,3.65039
1.904e-02,3.81641
1.920e-02,3.95312
1.936e-02,3.72461
1.952e-02,3.94531
1.968e-02,3.9375
1.984e-02,3.93359
2.000e-02,3.74805
2.016e-02,3.89453
2.032e-02,4.06641
2.048e-02,4.0625
2.064e-02,4.06836
2.080e-02,4.0625
2.096e-02,4.29297
2.112e-02,4.42187
2.128e-02,4.18555
2.144e-02,4.18359
2.160e-02,4.20117
2.176e-02,4.35351
2.192e-02,4.20117
2.208e-02,4.49219
2.224e-02,4.53125
2.240e-02,4.72851
2.256e-02,4.33398
2.272e-02,4.51562
2.288e-02,4.51562
2.304e-02,4.66211
2.320e-02,4.64258
2.336e-02,4.61133
2.352e-02,4.80859
2.368e-02,4.6875
2.384e-02,4.8125
2.400e-02,4.93945
2.416e-02,4.93359
2.432e-02,4.75
2.448e-02,4.92383
2.464e-02,4.92383
2.480e-02,4.93164
2.496e-02,5.06836
2.512e-02,5.08203
2.528e-02,5.07031
2.544e-02,5.07422
2.560e-02,5.05469
2.576e-02,5.05469
2.592e-02,5.41992
2.608e-02,5.25195
2.624e-02,5.38476
2.640e-02,5.22851
2.656e-02,5.17969
2.672e-02,5.19726
2.688e-02,5.31641
2.704e-02,5.52344
2.720e-02,5.52344
2.736e-02,5.3457
2.752e-02,5.48437
2.768e-02,5.52344
2.784e-02,5.65625
2.800e-02,5.64062
2.816e-02,5.6582
2.832e-02,5.625
2.848e-02,5.63867
2.864e-02,5.64648
2.880e-02,5.93555
2.896e-02,5.93164
2.912e-02,5.97656
2.928e-02,5.78711
2.944e-02,5.76758
2.960e-02,5.95117
2.976e-02,6.11914
2.992e-02,6.07812
3.008e-02,6.07031
3.024e-02,6.30664
3.040e-02,6.06836
3.056e-02,5.91992
3.072e-02,6.35156
3.088e-02,6.19141
3.104e-02,6.19726
3.120e-02,6.20117
3.136e-02,6.20117
3.152e-02,6.37891
3.168e-02,6.52344
3.184e-02,6.55469
3.200e-02,6.5625
3.216e-02,6.57422
3.232e-02,6.5
3.248e-02,6.5
3.264e-02,6.66797
3.280e-02,6.65234
3.296e-02,6.83398
3.312e-02,6.60937
3.328e-02,6.84961
3.344e-02,6.61719
3.360e-02,6.94726
3.376e-02,6.94726
3.392e-02,6.74414
3.408e-02,6.95312
3.424e-02,7.15625
3.440e-02,6.75781
3.456e-02,7.07031
3.472e-02,7.11719
3.488e-02,7.09766
3.504e-02,6.87891
3.520e-02,7.07422
3.536e-02,6.89062
3.552e-02,7.43945
3.568e-02,7.19726
3.584e-02,7.20508
3.600e-02,7.41601
3.616e-02,7.41211
3.632e-02,7.18555
3.648e-02,7.33789
3.664e-02,7.57226
3.680e-02,7.35742
3.696e-02,7.57031
3.712e-02,7.32031
3.728e-02,7.55469
3.744e-02,7.84375
3.760e-02,7.68359
3.776e-02,7.82422
3.792e-02,7.83203
3.808e-02,7.66211
3.824e-02,7.69141
3.840e-02,7.97656
3.856e-02,7.95312
3.872e-02,7.93945
3.888e-02,7.94531
3.904e-02,7.75586
3.920e-02,7.77148
3.936e-02,8.09766
3.952e-02,8.09375
3.968e-02,8.28125
3.984e-02,8.08008
4.000e-02,8.07226
4.016e-02,8.0918
4.032e-02,8.23633
4.048e-02,8.38281
4.064e-02,8.38867
4.080e-02,8.37695
4.096e-02,8.20898
4.112e-02,8.41992
4.128e-02,8.55469
4.144e-02,8.5
4.160e-02,8.55469
4.176e-02,8.51562
4.192e-02,8.56445
4.208e-02,8.56445
4.224e-02,8.81836
4.240e-02,8.6875
4.256e-02,8.88672
4.272e-02,8.61328
4.288e-02,8.83398
4.304e-02,8.85547
4.320e-02,8.96094
4.336e-02,8.9375
4.352e-02,8.93945
4.368e-02,8.96875
4.384e-02,8.96875
4.400e-02,9
4.416e-02,9.07031
4.432e-02,9.08984
4.448e-02,9.08594
4.464e-02,9.06641
4.480e-02,9.07031
4.496e-02,9.07031
4.512e-02,9.22461
4.528e-02,9.22461
4.544e-02,9.2168
4.560e-02,9.42383
4.576e-02,9.20312
4.592e-02,9.37695
4.608e-02,9.53125
4.624e-02,9.52344
4.640e-02,9.53906
4.656e-02,9.33789
4.672e-02,9.73437
4.688e-02,9.54687
4.704e-02,9.88476
4.720e-02,9.62305
4.736e-02,9.66992
4.752e-02,9.85742
4.768e-02,9.63672
4.784e-02,9.89844
4.800e-02,9.99219
4.816e-02,9.79492
4.832e-02,9.79492
4.848e-02,9.95508
4.864e-02,9.95312
4.880e-02,9.95312
4.896e-02,10.0996
4.912e-02,10.0918
4.928e-02,10.1074
4.944e-02,10.0996
4.960e-02,10.1348
4.976e-02,10.3027
4.992e-02,10.3945
5.008e-02,10.2227
5.024e-02,10.4062
5.040e-02,10.2012
5.056e-02,10.418
5.072e-02,10.2051
5.088e-02,10.5859
5.104e-02,10.5703
5.120e-02,10.5645
5.136e-02,10.5547
5.152e-02,10.4687
5.168e-02,10.584
5.184e-02,10.709
5.200e-02,10.8516
5.216e-02,10.8281
5.232e-02,10.8711
5.248e-02,10.875
5.264e-02,10.8516
5.280e-02,10.8145
5.296e-02,11.1797
5.312e-02,10.9766
5.328e-02,11.1719
5.344e-02,10.9414
5.360e-02,10.9395
5.376e-02,11.0937
5.392e-02,11.2988
5.408e-02,11.1074
5.424e-02,11.1211
5.440e-02,11.2578
5.456e-02,11.2891
5.472e-02,11.2168
5.488e-02,11.4238
5.504e-02,11.2227
5.520e-02,11.4395
5.536e-02,11.416
5.552e-02,11.4258
5.568e-02,11.7695
5.584e-02,11.5625
5.600e-02,11.5664
5.616e-02,11.5625
5.632e-02,11.5781
5.648e-02,11.5762
5.664e-02,11.8965
5.680e-02,11.8789
5.696e-02,11.9023
5.712e-02,11.6699
5.728e-02,11.6699
5.744e-02,11.916
5.760e-02,11.9687
5.776e-02,12.0469
5.792e-02,12.0156
5.808e-02,12
5.824e-02,11.9922
5.840e-02,12.0625
5.856e-02,12.3086
5.872e-02,12.0996
5.888e-02,12.1855
5.904e-02,12.1211
5.920e-02,12.1289
5.936e-02,12.0879
5.952e-02,12.4844
5.968e-02,12.4258
5.984e-02,12.4395
6.000e-02,12.4473
6.016e-02,12.4375
6.032e-02,12.2383
6.048e-02,12.582
6.064e-02,12.584
6.080e-02,12.5762
6.096e-02,12.5801
6.112e-02,12.5781
6.128e-02,12.623
6.144e-02,12.6855
6.160e-02,12.8828
6.176e-02,12.877
6.192e-02,12.8828
6.208e-02,12.9395
6.224e-02,12.6328
6.240e-02,13.0234
6.256e-02,13.0078
6.272e-02,12.9844
6.288e-02,12.8477
6.304e-02,13.1992
6.320e-02,13.0664
6.336e-02,13.1504
6.352e-02,13.334
6.368e-02,13.3359
6.384e-02,13.3457
6.400e-02,13.123
6.416e-02,13.3359
6.432e-02,13.4844
6.448e-02,13.4531
6.464e-02,13.4453
6.480e-02,13.4355
6.496e-02,13.4531
6.512e-02,13.4395
6.528e-02,13.5957
6.544e-02,13.5801
6.560e-02,13.5801
6.576e-02,13.7871
6.592e-02,13.5625
6.608e-02,13.7969
6.624e-02,13.7461
6.640e-02,13.8926
6.656e-02,13.8926
6.672e-02,13.6953
6.688e-02,13.7168
6.704e-02,13.7402
6.720e-02,14.0469
6.736e-02,13.8398
6.752e-02,13.9922
6.768e-02,14.0469
6.784e-02,14.0156
6.800e-02,14.0156
6.816e-02,14.3301
6.832e-02,14.207
6.848e-02,14.1523
6.864e-02,14.1523
6.880e-02,14.1406
6.896e-02,14.3262
6.912e-02,14.4316
6.928e-02,14.4316
6.944e-02,14.2773
6.960e-02,14.2832
6.976e-02,14.5
6.992e-02,14.4316
7.008e-02,14.5859
7.024e-02,14.5781
7.040e-02,14.5859
7.056e-02,14.5898
7.072e-02,14.7695
7.088e-02,14.5859
7.104e-02,14.9375
7.120e-02,14.9316
7.136e-02,14.918
7.152e-02,14.6973
7.168e-02,14.8984
7.184e-02,14.7227
7.200e-02,14.8457
7.216e-02,15.0625
7.232e-02,15.0234
7.248e-02,15.0391
7.264e-02,15.0625
7.280e-02,15.0156
7.296e-02,15.1426
7.312e-02,15.3359
7.328e-02,15.1777
7.344e-02,15.168
7.360e-02,15.1348
7.376e-02,15.3359
7.392e-02,15.4395
7.408e-02,15.4336
7.424e-02,15.4609
7.440e-02,15.4395
7.456e-02,15.4922
7.472e-02,15.4453
7.488e-02,15.7891
7.504e-02,15.5781
7.520e-02,15.7402
7.536e-02,15.6113
7.552e-02,15.6094
7.568e-02,15.3906
7.584e-02,15.7344
7.600e-02,15.9141
7.616e-02,15.709
7.632e-02,15.9258
7.648e-02,15.9199
7.664e-02,15.9121
7.680e-02,16
7.696e-02,16.0625
7.712e-02,16.0391
7.728e-02,16.0723
7.744e-02,16.0391
7.760e-02,16.0547
7.776e-02,16.168
7.792e-02,16.3145
7.808e-02,16.1465
7.824e-02,16.1328
7.840e-02,16.123
7.856e-02,16.3262
7.872e-02,16.2676
7.888e-02,16.4258
7.904e-02,16.2871
7.920e-02,16.4316
7.936e-02,16.4395
7.952e-02,16.4687
7.968e-02,16.627
7.984e-02,16.7773
8.000e-02,16.584
8.016e-02,16.5781
8.032e-02,16.7754
8.048e-02,16.6133
8.064e-02,16.7207
8.080e-02,16.9121
8.096e-02,16.7051
8.112e-02,16.9297
8.128e-02,16.9277
8.144e-02,16.9277
8.160e-02,17.0625
8.176e-02,17
8.192e-02,17.0391
8.208e-02,17.0312
8.224e-02,17.0625
8.240e-02,17.0469
8.256e-02,17.1523
8.272e-02,17.334
8.288e-02,17.416
8.304e-02,17.1621
8.320e-02,17.1934
8.336e-02,17.3418
8.352e-02,17.3164
8.368e-02,17.4355
8.384e-02,17.4609
8.400e-02,17.4687
8.416e-02,17.3184
8.432e-02,17.4375
8.448e-02,17.6348
8.464e-02,17.7852
8.480e-02,17.5879
8.496e-02,17.7852
8.512e-02,17.793
8.528e-02,17.4141
8.544e-02,17.7344
8.560e-02,17.7324
8.576e-02,17.9277
8.592e-02,17.7246
8.608e-02,17.7559
8.624e-02,17.9316
8.640e-02,18.0625
8.656e-02,17.8574
8.672e-02,18.0703
8.688e-02,18.0625
8.704e-02,18.0527
8.720e-02,18.2187
8.736e-02,18.3359
8.752e-02,18.1445
8.768e-02,18.4023
8.784e-02,18.1699
8.800e-02,18.1934
8.816e-02,18.3262
8.832e-02,18.5078
8.848e-02,18.4687
8.864e-02,18.4355
8.880e-02,18.4609
8.896e-02,18.4766
8.912e-02,18.4766
8.928e-02,18.8008
8.944e-02,18.8086
8.960e-02,18.8105
8.976e-02,18.6367
8.992e-02,18.6367
9.008e-02,18.8105
9.024e-02,18.748
9.040e-02,18.9375
9.056e-02,18.9316
9.072e-02,18.9141
9.088e-02,18.918
9.104e-02,18.7227
9.120e-02,19.0391
9.136e-02,19.0957
9.152e-02,19.0625
9.168e-02,19.0391
9.184e-02,19.0664
9.200e-02,19.0625
9.216e-02,19.3672
9.232e-02,19.1328
9.248e-02,19.1641
9.264e-02,19.3574
9.280e-02,19.1055
9.296e-02,19.375
9.312e-02,19.4375
9.328e-02,19.4844
9.344e-02,19.4844
9.360e-02,19.4473
9.376e-02,19.4844
9.392e-02,19.4531
9.408e-02,19.8184
9.424e-02,19.7988
9.440e-02,19.6074
9.456e-02,19.6074
9.472e-02,19.6191
9.488e-02,19.627
9.504e-02,19.916
9.520e-02,19.9375
9.536e-02,19.9277
9.552e-02,19.9395
9.568e-02,19.9609
9.584e-02,19.9531
9.600e-02,20.0625
9.616e-02,20.0078
9.632e-02,20.0234
9.648e-02,20.252
9.664e-02,20.0625
9.680e-02,20.2148
9.696e-02,20.3516
9.712e-02,20.3887
9.728e-02,20.3945
9.744e-02,20.2012
9.760e-02,20.3418
9.776e-02,19.998
9.792e-02,20.3145
9.808e-02,20.2812
9.824e-02,20.4844
9.840e-02,20.2715
9.856e-02,20.707
9.872e-02,20.4922
9.888e-02,20.5664
9.904e-02,20.8008
9.920e-02,20.5977
9.936e-02,20.6289
9.952e-02,20.8027
9.968e-02,20.8145
9.984e-02,20.9336
1.000e-01,20.9219
1.002e-01,20.9473
1.003e-01,20.7227
1.005e-01,20.748
1.006e-01,20.9414
1.008e-01,21.0625
1.010e-01,21.0625
1.011e-01,21.0684
1.013e-01,21.0664
1.014e-01,21.0703
1.016e-01,21.25
1.018e-01,21.4023
1.019e-01,21.2285
1.021e-01,21.3887
1.022e-01,21.3867
1.024e-01,21.1719
1.026e-01,21.1836
1.027e-01,21.5078
1.029e-01,21.4844
1.030e-01,21.5
1.032e-01,21.4844
1.034e-01,21.5469
1.035e-01,21.3086
1.037e-01,21.6426
1.038e-01,21.627
1.040e-01,21.5957
1.042e-01,21.6406
1.043e-01,21.6855
1.045e-01,21.5937
1.046e-01,21.9297
1.048e-01,21.9316
1.050e-01,21.9434
1.051e-01,21.7637
1.053e-01,21.9375
1.054e-01,21.916
1.056e-01,22.0859
1.058e-01,22.0742
1.059e-01,22.0684
1.061e-01,22.0742
1.062e-01,22.0469
1.064e-01,22.0664
1.066e-01,22.3574
1.067e-01,22.3516
1.069e-01,22.1934
1.070e-01,22.1855
1.072e-01,22.3906
1.074e-01,22.2129
1.075e-01,22.4844
1.077e-01,22.3008
1.078e-01,22.4609
1.080e-01,22.3184
1.082e-01,22.4258
1.083e-01,22.4687
1.085e-01,22.7812
1.086e-01,22.5977
1.088e-01,22.8633
1.090e-01,22.6484
1.091e-01,22.6211
1.093e-01,22.6074
1.094e-01,22.9434
1.096e-01,22.9258
1.098e-01,22.7598
1.099e-01,22.9395
1.101e-01,23.1621
1.102e-01,22.7617
1.104e-01,23.0625
1.106e-01,23.0742
1.107e-01,23.0664
1.109e-01,23.2852
1.110e-01,23.0684
1.112e-01,23.0664
1.114e-01,23.1953
1.115e-01,23.3437
1.117e-01,23.3887
1.118e-01,23.1973
1.120e-01,23.3945
1.122e-01,23.1914
1.123e-01,23.709
1.125e-01,23.5
1.126e-01,23.4766
1.128e-01,23.4531
1.130e-01,23.5156
1.131e-01,23.4687
1.133e-01,23.8359
1.134e-01,23.6367
1.136e-01,23.6621
1.138e-01,23.8125
1.139e-01,23.8047
1.141e-01,23.6562
1.142e-01,23.7793
1.144e-01,23.9453
1.146e-01,24.1426
1.147e-01,23.7539
1.149e-01,23.748
1.150e-01,23.7617
1.152e-01,24.0703
1.154e-01,24.0703
1.155e-01,24.0723
1.157e-01,24.0703
1.158e-01,24.2832
1.160e-01,24.3047
1.162e-01,24.3848
1.163e-01,24.2383
1.165e-01,24.3691
1.166e-01,24.2305
1.168e-01,24.3633
1.170e-01,24.373
1.171e-01,24.3281
1.173e-01,24.5156
1.174e-01,24.5156
1.176e-01,24.5078
1.178e-01,24.5078
1.179e-01,24.5156
1.181e-01,24.8262
1.182e-01,24.6777
1.184e-01,24.8184
1.186e-01,24.8164
1.187e-01,24.6543
1.189e-01,24.6465
1.190e-01,24.9609
1.192e-01,24.7637
1.194e-01,24.7637
1.195e-01,24.9473
1.197e-01,24.9687
1.198e-01,24.9453
1.200e-01,25.0781
1.202e-01,25.0859
1.203e-01,25.0625
1.205e-01,25.0684
1.206e-01,25.2715
1.208e-01,25.0645
1.210e-01,25.4082
1.211e-01,25.4082
1.213e-01,25.3906
1.214e-01,25.3711
1.216e-01,25.2148
1.218e-01,25.2227
1.219e-01,25.5625
1.221e-01,25.3184
1.222e-01,25.332
1.224e-01,25.5625
1.226e-01,25.5625
1.227e-01,25.5391
1.229e-01,25.6348
1.230e-01,25.6289
1.232e-01,25.6348
1.234e-01,25.6484
1.235e-01,25.6445
1.237e-01,25.8672
1.238e-01,25.9609
1.240e-01,25.9453
1.242e-01,25.9395
1.243e-01,25.9531
1.245e-01,25.9687
1.246e-01,25.9531
1.248e-01,26.082
1.250e-01,25.8672
1.251e-01,26.0762
1.253e-01,26.0703
1.254e-01,26.0664
1.256e-01,26.0703
1.258e-01,26.4277
1.259e-01,26.1836
1.261e-01,26.4238
1.262e-01,26.377
1.264e-01,26.2129
1.266e-01,26.4219
1.267e-01,26.5625
1.269e-01,26.5234
1.270e-01,26.5234
1.272e-01,26.6816
1.274e-01,26.5156
1.275e-01,26.5625
1.277e-01,26.6797
1.278e-01,26.8262
1.280e-01,26.6543
1.282e-01,26.8008
1.283e-01,26.6426
1.285e-01,26.8594
1.286e-01,26.9395
1.288e-01,26.9922
1.290e-01,26.9922
1.291e-01,26.9766
1.293e-01,26.9844
1.294e-01,26.9453
1.296e-01,27.125
1.298e-01,27.2734
1.299e-01,27.0781
1.301e-01,27.3086
1.302e-01,27.0781
1.304e-01,27.1035
1.306e-01,27.2246
1.307e-01,27.2324
1.309e-01,27.2266
1.310e-01,27.4316
1.312e-01,27.4199
1.314e-01,27.4258
1.315e-01,27.584
1.317e-01,27.5723
1.318e-01,27.582
1.320e-01,27.3555
1.322e-01,27.5742
1.323e-01,27.5391
1.325e-01,27.6758
1.326e-01,27.7051
1.328e-01,27.8906
1.330e-01,27.6738
1.331e-01,27.6855
1.333e-01,27.8867
1.334e-01,28.0234
1.336e-01,28.1738
1.338e-01,27.9687
1.339e-01,27.8281
1.341e-01,28
1.342e-01,27.8066
1.344e-01,28.1387
1.346e-01,28.334
1.347e-01,28.123
1.349e-01,28.1523
1.350e-01,28.1191
1.352e-01,28.1016
1.354e-01,28.4297
1.355e-01,28.4316
1.357e-01,28.4316
1.358e-01,28.4414
1.360e-01,28.4395
1.362e-01,28.4297
1.363e-01,28.5605
1.365e-01,28.5781
1.366e-01,28.75
1.368e-01,28.6035
1.370e-01,28.5879
1.371e-01,28.5703
1.373e-01,28.8887
1.374e-01,28.9082
1.376e-01,28.6973
1.378e-01,28.709
1.379e-01,28.6973
1.381e-01,28.8906
1.382e-01,29.2051
1.384e-01,29.0078
1.386e-01,28.9687
1.387e-01,29.0156
1.389e-01,29.0078
1.390e-01,29
1.392e-01,29.1074
1.394e-01,29.1504
1.395e-01,29.1582
1.397e-01,29.3125
1.398e-01,29.1777
1.400e-01,29.3262
1.402e-01,29.4434
1.403e-01,29.4395
1.405e-01,29.2539
1.406e-01,29.4395
1.408e-01,29.4395
1.410e-01,29.2363
1.411e-01,29.5762
1.413e-01,29.5937
1.414e-01,29.582
1.416e-01,29.5742
1.418e-01,29.5898
1.419e-01,29.582
1.421e-01,29.8926
1.422e-01,29.7187
1.424e-01,29.9238
1.426e-01,29.916
1.427e-01,29.873
1.429e-01,29.9258
1.430e-01,30.0312
1.432e-01,30.0234
1.434e-01,30
1.435e-01,29.8105
1.437e-01,30.0547
1.438e-01,30.0156
1.440e-01,30.1621
1.442e-01,30.3496
1.443e-01,30.1348
1.445e-01,30.1543
1.446e-01,30.1406
1.448e-01,30.3359
1.450e-01,30.4395
1.451e-01,30.4395
1.453e-01,30.2637
1.454e-01,30.4414
1.456e-01,30.4609
1.458e-01,30.4609
1.459e-01,30.5625
1.461e-01,30.5625
1.462e-01,30.5898
1.464e-01,30.7812
1.466e-01,30.748
1.467e-01,30.5742
1.469e-01,30.7207
1.470e-01,30.9355
1.472e-01,30.9023
1.474e-01,30.9238
1.475e-01,30.9375
1.477e-01,30.7246
1.478e-01,31.0391
1.480e-01,31.2148
1.482e-01,31.1875
1.483e-01,31.0723
1.485e-01,31.0234
1.486e-01,31.0312
1.488e-01,31.1738
1.490e-01,31.1582
1.491e-01,31.0801
1.493e-01,31.1445
1.494e-01,31.1777
1.496e-01,31.1562
1.498e-01,31.4395
1.499e-01,31.4395
1.501e-01,31.4395
1.502e-01,31.4316
1.504e-01,31.4336
1.506e-01,31.4844
1.507e-01,31.5898
1.509e-01,31.5664
1.510e-01,31.4219
1.512e-01,31.5879
1.514e-01,31.582
1.515e-01,31.5723
1.517e-01,31.8984
1.518e-01,31.8828
1.520e-01,31.9414
1.522e-01,31.8887
1.523e-01,31.9277
1.525e-01,31.8945
1.526e-01,32.0391
1.528e-01,31.8281
1.530e-01,32.0391
1.531e-01,32.0625
1.533e-01,32.0234
1.534e-01,32.0547
1.536e-01,32.1426
1.538e-01,32.1445
1.539e-01,32.3008
1.541e-01,32.3242
1.542e-01,32.3047
1.544e-01,32.3809
1.546e-01,32.4492
1.547e-01,32.291
1.549e-01,32.4609
1.550e-01,32.5
1.552e-01,32.4395
1.554e-01,32.2949
1.555e-01,32.5996
1.557e-01,32.5898
1.558e-01,32.8066
1.560e-01,32.5996
1.562e-01,32.5781
1.563e-01,32.5918
1.565e-01,32.7285
1.566e-01,32.8926
1.568e-01,32.9316
1.570e-01,32.8926
1.571e-01,32.9062
1.573e-01,32.9219
1.574e-01,33.0391
1.576e-01,33.2246
1.578e-01,33.0312
1.579e-01,33.0391
1.581e-01,33.2383
1.582e-01,33.0684
1.584e-01,33.1445
1.586e-01,33.1797
1.587e-01,33.1777
1.589e-01,33.1387
1.590e-01,33.1348
1.592e-01,33.125
1.594e-01,33.4395
1.595e-01,33.293
1.597e-01,33.4453
1.598e-01,33.4395
1.600e-01,33.2734
1.602e-01,33.4434
1.603e-01,33.6113
1.605e-01,33.6191
1.606e-01,33.5664
1.608e-01,33.7871
1.610e-01,33.5879
1.611e-01,33.623
1.613e-01,33.9121
1.614e-01,33.9297
1.616e-01,33.9219
1.618e-01,33.9375
1.619e-01,33.9102
1.621e-01,33.8984
1.622e-01,34.0547
1.624e-01,34.0762
1.626e-01,34.0391
1.627e-01,33.8789
1.629e-01,34.0742
1.630e-01,34.0703
1.632e-01,34.3926
1.634e-01,34.4043
1.635e-01,34.1699
1.637e-01,34.1484
1.638e-01,34.3203
1.640e-01,34.1992
1.642e-01,34.4766
1.643e-01,34.4922
1.645e-01,34.4609
1.646e-01,34.2988
1.648e-01,34.4316
1.650e-01,34.4531
1.651e-01,34.5859
1.653e-01,34.5957
1.654e-01,34.5801
1.656e-01,34.7754
1.658e-01,34.6309
1.659e-01,34.5977
1.661e-01,34.9277
1.662e-01,34.9277
1.664e-01,34.7461
1.666e-01,34.9219
1.667e-01,34.9219
1.669e-01,34.7559
1.670e-01,35.0723
1.672e-01,35.0684
1.674e-01,34.8828
1.675e-01,35.0078
1.677e-01,35.0625
1.678e-01,35.0547
1.680e-01,35.1836
1.682e-01,35.4121
1.683e-01,35.1621
1.685e-01,35.1914
1.686e-01,35.2324
1.688e-01,35.1895
1.690e-01,35.2949
1.691e-01,35.5156
1.693e-01,35.4453
1.694e-01,35.4336
1.696e-01,35.4453
1.698e-01,35.4531
1.699e-01,35.5996
1.701e-01,35.5918
1.702e-01,35.6113
1.704e-01,35.5957
1.706e-01,35.6055
1.707e-01,35.623
1.709e-01,35.9219
1.710e-01,35.7383
1.712e-01,35.9297
1.714e-01,35.9141
1.715e-01,35.9395
1.717e-01,35.9316
1.718e-01,36.0469
1.720e-01,36.0742
1.722e-01,36.0723
1.723e-01,36.0469
1.725e-01,36.0625
1.726e-01,35.8535
1.728e-01,36.3379
1.730e-01,36.4102
1.731e-01,36.1992
1.733e-01,36.1406
1.734e-01,36.3672
1.736e-01,36.1895
1.738e-01,36.4766
1.739e-01,36.4922
1.741e-01,36.3105
1.742e-01,36.2754
1.744e-01,36.2832
1.746e-01,36.3027
1.747e-01,36.5898
1.749e-01,36.5625
1.750e-01,36.5762
1.752e-01,36.8145
1.754e-01,36.8203
1.755e-01,36.7969
1.757e-01,36.9336
1.758e-01,36.7402
1.760e-01,36.9453
1.762e-01,36.9375
1.763e-01,36.9375
1.765e-01,36.9004
1.766e-01,37.0684
1.768e-01,37.0391
1.770e-01,37.0801
1.771e-01,37.0742
1.773e-01,37.0742
1.774e-01,37.0625
1.776e-01,37.2051
1.778e-01,37.3711
1.779e-01,37.1562
1.781e-01,37.1973
1.782e-01,37.1875
1.784e-01,37.3711
1.786e-01,37.4844
1.787e-01,37.5391
1.789e-01,37.6758
1.790e-01,37.293
1.792e-01,37.5312
1.794e-01,37.4414
1.795e-01,37.7949
1.797e-01,37.666
1.798e-01,37.5703
1.800e-01,37.6504
1.802e-01,37.5762
1.803e-01,37.8164
1.805e-01,37.9355
1.806e-01,37.9336
1.808e-01,37.9297
1.810e-01,37.7207
1.811e-01,37.752
1.813e-01,37.9375
1.814e-01,37.875
1.816e-01,38.0625
1.818e-01,38.2559
1.819e-01,38.0879
1.821e-01,37.8984
1.822e-01,38.0762
1.824e-01,38.3887
1.826e-01,38.373
1.827e-01,38.1953
1.829e-01,38.4102
1.830e-01,38.1797
1.832e-01,38.1562
1.834e-01,38.4687
1.835e-01,38.4922
1.837e-01,38.5312
1.838e-01,38.3223
1.840e-01,38.4844
1.842e-01,38.3223
1.843e-01,38.6484
1.845e-01,38.5957
1.846e-01,38.6016
1.848e-01,38.8047
1.850e-01,38.6445
1.851e-01,38.582
1.853e-01,38.9316
1.854e-01,38.9258
1.856e-01,38.9434
1.858e-01,38.9766
1.859e-01,38.9375
1.861e-01,38.9375
1.862e-01,38.8633
1.864e-01,39.082
1.866e-01,39.0703
1.867e-01,39.0664
1.869e-01,38.832
1.870e-01,39.2676
1.872e-01,39.416
1.874e-01,39.1973
1.875e-01,39.3828
1.877e-01,39.2129
1.878e-01,39.2109
1.880e-01,39.4004
1.882e-01,39.5625
1.883e-01,39.5
1.885e-01,39.3086
1.886e-01,39.3379
1.888e-01,39.5156
1.890e-01,39.5234
1.891e-01,39.8086
1.893e-01,39.8086
1.894e-01,39.6543
1.896e-01,39.8633
1.898e-01,39.5918
1.899e-01,39.7793
1.901e-01,39.7441
1.902e-01,39.7207
1.904e-01,39.9258
1.906e-01,39.9199
1.907e-01,39.9395
1.909e-01,39.748
1.910e-01,40.0625
1.912e-01,40.0723
1.914e-01,40.0703
1.915e-01,40.084
1.917e-01,40.0664
1.918e-01,40.0879
1.920e-01,40.1895
1.922e-01,40.2168
1.923e-01,40.1875
1.925e-01,40.3789
1.926e-01,40.4316
1.928e-01,40.1914
1.930e-01,40.5
1.931e-01,40.4687
1.933e-01,40.4922
1.934e-01,40.5625
1.936e-01,40.5156
1.938e-01,40.5156
1.939e-01,40.6309
1.941e-01,40.6133
1.942e-01,40.8437
1.944e-01,40.6367
1.946e-01,40.6191
1.947e-01,40.834
1.949e-01,40.9687
1.950e-01,40.9434
1.952e-01,40.9395
1.954e-01,40.9375
1.955e-01,40.9531
1.957e-01,40.9238
1.958e-01,41.0957
1.960e-01,40.8848
1.962e-01,41.2812
1.963e-01,41.0703
1.965e-01,41.0898
1.966e-01,41.0801
1.968e-01,41.2051
1.970e-01,41.4238
1.971e-01,41.3945
1.973e-01,41.4199
1.974e-01,41.1895
1.976e-01,41.1992
1.978e-01,41.5547
1.979e-01,41.5156
1.981e-01,41.5
1.982e-01,41.3555
1.984e-01,41.5547
1.986e-01,41.5156
1.987e-01,41.8203
1.989e-01,41.6836
1.990e-01,41.8105
1.992e-01,41.8437
1.994e-01,41.873
1.995e-01,41.6621
1.997e-01,41.9219
1.998e-01,41.9336
2.000e-01,41.9609
2.002e-01,41.8008
2.003e-01,41.9297
2.005e-01,41.9199
2.006e-01,42.252
2.008e-01,42.2617
2.010e-01,42.0742
2.011e-01,42.0762
2.013e-01,42.0977
2.014e-01,42.0918
2.016e-01,42.2148
2.018e-01,42.4395
2.019e-01,42.4395
2.021e-01,42.2402
2.022e-01,42.4297
2.024e-01,42.2266
2.026e-01,42.5469
2.027e-01,42.5469
2.029e-01,42.7305
2.030e-01,42.6816
2.032e-01,42.3789
2.034e-01,42.5547
2.035e-01,42.6641
2.037e-01,42.834
2.038e-01,42.8164
2.040e-01,42.6621
2.042e-01,42.6484
2.043e-01,42.6816
2.045e-01,42.8242
2.046e-01,42.9531
2.048e-01,43.1777
2.050e-01,42.7871
2.051e-01,42.9844
2.053e-01,42.9551
2.054e-01,43.1094
2.056e-01,43.0645
2.058e-01,43.1074
2.059e-01,43.1113
2.061e-01,43.1074
2.062e-01,42.9551
2.064e-01,43.4395
2.066e-01,43.2734
2.067e-01,43.4277
2.069e-01,43.4453
2.070e-01,43.2812
2.072e-01,43.2773
2.074e-01,43.3672
2.075e-01,43.5684
2.077e-01,43.5547
2.078e-01,43.5625
2.080e-01,43.5762
2.082e-01,43.4023
2.083e-01,43.877
2.085e-01,43.873
2.086e-01,43.6602
2.088e-01,43.6855
2.090e-01,43.707
2.091e-01,43.707
2.093e-01,44.0234
2.094e-01,44.0391
2.096e-01,44.0312
2.098e-01,44
2.099e-01,44.0078
2.101e-01,44.0312
2.102e-01,44.2988
2.104e-01,44.127
2.106e-01,44.3145
2.107e-01,43.9473
2.109e-01,44.3242
2.110e-01,44.0957
2.112e-01,44.4355
2.114e-01,44.4316
2.115e-01,44.2852
2.117e-01,44.4609
2.118e-01,44.4395
2.120e-01,44.2598
2.122e-01,44.5742
2.123e-01,44.7148
2.125e-01,44.7812
2.126e-01,44.5723
2.128e-01,44.582
2.130e-01,44.584
2.131e-01,44.9336
2.133e-01,44.6855
2.134e-01,44.6875
2.136e-01,44.6895
2.138e-01,44.6914
2.139e-01,44.9258
2.141e-01,45.0312
2.142e-01,45.0312
2.144e-01,45.0312
2.146e-01,45.0391
2.147e-01,44.9922
2.149e-01,45.0156
2.150e-01,45.1113
2.152e-01,45.1348
2.154e-01,45.3164
2.155e-01,45.2891
2.157e-01,45.1289
2.158e-01,45.1172
2.160e-01,45.2656
2.162e-01,45.252
2.163e-01,45.4395
2.165e-01,45.2871
2.166e-01,45.4453
2.168e-01,45.4219
2.170e-01,45.5742
2.171e-01,45.5625
2.173e-01,45.5703
2.174e-01,45.5879
2.176e-01,45.5781
2.178e-01,45.5762
2.179e-01,45.8887
2.181e-01,45.7324
2.182e-01,45.9258
2.184e-01,45.9277
2.186e-01,45.9258
2.187e-01,45.9121
2.189e-01,46.0234
2.190e-01,45.9844
2.192e-01,46.0156
2.194e-01,45.8574
2.195e-01,45.9844
2.197e-01,46.0312
2.198e-01,46.3047
2.200e-01,46.3633
2.202e-01,46.1484
2.203e-01,46.3223
2.205e-01,46.3223
2.206e-01,46.1406
2.208e-01,46.2598
2.210e-01,46.4766
2.211e-01,46.4531
2.213e-01,46.2832
2.214e-01,46.2656
2.216e-01,46.4316
2.218e-01,46.6016
2.219e-01,46.5742
2.221e-01,46.6016
2.222e-01,46.5625
2.224e-01,46.6133
2.226e-01,46.5977
2.227e-01,46.6953
2.229e-01,46.877
2.230e-01,46.7051
2.232e-01,46.9062
2.234e-01,46.7207
2.235e-01,46.7168
2.237e-01,47.0625
2.238e-01,46.8301
2.240e-01,47.0469
2.242e-01,47.0156
2.243e-01,47.0703
2.245e-01,47.0156
2.246e-01,47.1387
2.248e-01,47.1289
2.250e-01,47.3223
2.251e-01,47.1582
2.253e-01,47.3516
2.254e-01,47.3203
2.256e-01,47.2617
2.258e-01,47.4609
2.259e-01,47.4453
2.261e-01,47.2715
2.262e-01,47.2734
2.264e-01,47.4473
2.266e-01,47.7793
2.267e-01,47.5742
2.269e-01,47.5742
2.270e-01,47.5645
2.272e-01,47.5742
2.274e-01,47.5742
2.275e-01,47.7344
2.277e-01,47.7031
2.278e-01,47.7031
2.280e-01,47.7305
2.282e-01,47.7129
2.283e-01,47.9277
2.285e-01,48.0625
2.286e-01,48.0547
2.288e-01,48.0234
2.290e-01,48.0469
2.291e-01,48.0391
2.293e-01,48.0469
2.294e-01,48.1895
2.296e-01,48.3125
2.298e-01,48.2109
2.299e-01,48.3047
2.301e-01,47.959
2.302e-01,48.3672
2.304e-01,48.4844
2.306e-01,48.2441
2.307e-01,48.4258
2.309e-01,48.4395
2.310e-01,48.3008
2.312e-01,48.4687
2.314e-01,48.5742
2.315e-01,48.6152
2.317e-01,48.582
2.318e-01,48.5703
2.320e-01,48.8027
2.322e-01,48.5859
2.323e-01,48.7207
2.325e-01,48.873
2.326e-01,48.9219
2.328e-01,48.9316
2.330e-01,48.7402
2.331e-01,48.873
2.333e-01,49.2187
2.334e-01,49.0312
2.336e-01,49.0801
2.338e-01,48.8496
2.339e-01,49.0684
2.341e-01,49.2051
2.342e-01,49.3281
2.344e-01,49.3262
2.346e-01,49.1758
2.347e-01,49.3613
2.349e-01,49.1875
2.350e-01,49.1602
2.352e-01,49.4395
2.354e-01,49.4473
2.355e-01,49.4473
2.357e-01,49.4453
2.358e-01,49.3223
2.360e-01,49.4375
2.362e-01,49.5801
2.363e-01,49.5742
2.365e-01,49.582
2.366e-01,49.7969
2.368e-01,49.6074
2.370e-01,49.6211
2.371e-01,49.7285
2.373e-01,49.9258
2.374e-01,49.9316
2.376e-01,49.7168
2.378e-01,49.9336
2.379e-01,49.748
2.381e-01,50.0625
2.382e-01,50.0645
2.384e-01,50.1914
2.386e-01,50.0684
2.387e-01,50.2109
2.389e-01,50.0703
2.390e-01,50.166
2.392e-01,50.334
2.394e-01,50.3594
2.395e-01,50.1973
2.397e-01,50.1797
2.398e-01,50.1504
2.400e-01,3.8457
2.402e-01,-0.0761728
2.403e-01,-0.0722666
2.405e-01,-0.0878916
2.406e-01,-0.248048
2.408e-01,-0.29297
2.410e-01,0.062499
2.411e-01,0.0664053
2.413e-01,0.0722647
2.414e-01,0.0566397
2.416e-01,0.0546865
2.418e-01,0.0644522
2.419e-01,0.402343
2.421e-01,0.171874
2.422e-01,0.160155
2.424e-01,0.138671
2.426e-01,0.416015
2.427e-01,0.164062
2.429e-01,0.486327
2.430e-01,0.531249
2.432e-01,0.468749
2.434e-01,0.30078
2.435e-01,0.324218
2.437e-01,0.507812
2.438e-01,0.607421
2.440e-01,0.648437
2.442e-01,0.65039
2.443e-01,0.798827
2.445e-01,0.591796
2.446e-01,0.562499
2.448e-01,0.935546
2.450e-01,0.748046
2.451e-01,0.927733
2.453e-01,0.759765
2.454e-01,0.927733
2.456e-01,0.74414
2.458e-01,1.08008
2.459e-01,1.24414
2.461e-01,1.07031
2.462e-01,1.06836
2.464e-01,1.23437
2.466e-01,1.0625
2.467e-01,1.35351
2.469e-01,1.19922
2.470e-01,1.19922
2.472e-01,1.1875
2.474e-01,1.36719
2.475e-01,1.39062
2.477e-01,1.67578
2.478e-01,1.47656
2.480e-01,1.33984
2.482e-01,1.5
2.483e-01,1.53906
2.485e-01,1.28516
2.486e-01,1.61133
2.488e-01,1.64648
2.490e-01,1.63086
2.491e-01,1.64453
2.493e-01,1.61328
2.494e-01,1.81641
2.496e-01,1.93164
2.498e-01,1.91992
2.499e-01,1.91797
2.501e-01,1.94531
2.502e-01,1.92969
2.504e-01,1.92383
2.506e-01,2.24023
2.507e-01,2.0625
2.509e-01,2.09766
2.510e-01,2.07226
2.512e-01,2.07812
2.514e-01,2.07226
2.515e-01,2.18164
2.517e-01,2.41016
2.518e-01,2.36328
2.520e-01,2.18164
2.522e-01,2.39453
2.523e-01,2.39062
2.525e-01,2.5
2.526e-01,2.54687
2.528e-01,2.47656
2.530e-01,2.5
2.531e-01,2.35742
2.533e-01,2.51562
2.534e-01,2.64453
2.536e-01,2.60547
2.538e-01,2.64844
2.539e-01,2.80664
2.541e-01,2.59766
2.542e-01,2.82617
2.544e-01,3.14258
2.546e-01,2.92773
2.547e-01,2.74023
2.549e-01,2.93945
2.550e-01,2.94726
2.552e-01,2.93555
2.554e-01,3.08594
2.555e-01,3.07031
2.557e-01,3.08203
2.558e-01,3.06445
2.560e-01,3.0625
2.562e-01,3.05664
2.563e-01,3.39844
2.565e-01,3.41992
2.566e-01,3.39648
2.568e-01,3.21484
2.570e-01,3.38281
2.571e-01,3.37695
2.573e-01,3.49219
2.574e-01,3.49219
2.576e-01,3.53906
2.578e-01,3.5625
2.579e-01,3.52344
2.581e-01,3.52344
2.582e-01,3.62695
2.584e-01,3.58203
2.586e-01,3.81641
2.587e-01,3.62109
2.589e-01,3.61523
2.590e-01,3.61523
2.592e-01,3.76367
2.594e-01,3.94531
2.595e-01,3.92187
2.597e-01,3.75195
2.598e-01,3.93945
2.600e-01,3.91992
2.602e-01,4.07031
2.603e-01,3.84375
2.605e-01,4.30273
2.606e-01,4.25781
2.608e-01,4.05469
2.610e-01,4.0625
2.611e-01,4.18359
2.613e-01,4.20117
2.614e-01,4.41601
2.616e-01,4.19336
2.618e-01,4.36523
2.619e-01,4.18555
2.621e-01,4.33203
2.622e-01,4.50781
2.624e-01,4.5
2.626e-01,4.53906
2.627e-01,4.55273
2.629e-01,4.53125
2.630e-01,4.56445
2.632e-01,4.80273
2.634e-01,4.78906
2.635e-01,4.60156
2.637e-01,4.62305
2.638e-01,4.64258
2.640e-01,4.93945
2.642e-01,4.93945
2.643e-01,4.93555
2.645e-01,4.93945
2.646e-01,4.95312
2.648e-01,4.9375
2.650e-01,5.28125
2.651e-01,5.07812
2.653e-01,5.06445
2.654e-01,5.0625
2.656e-01,5.07617
2.658e-01,5.07031
2.659e-01,5.42578
2.661e-01,5.42383
2.662e-01,5.18359
2.664e-01,5.39453
2.666e-01,5.21875
2.667e-01,5.41211
2.669e-01,5.53125
2.670e-01,5.53125
2.672e-01,5.48437
2.674e-01,5.53906
2.675e-01,5.53125
2.677e-01,5.32422
2.678e-01,5.66601
2.680e-01,5.83398
2.682e-01,5.81445
2.683e-01,5.82812
2.685e-01,5.8457
2.686e-01,5.60937
2.688e-01,5.81641
2.690e-01,5.9375
2.691e-01,5.94531
2.693e-01,5.91992
2.694e-01,5.93164
2.696e-01,5.77148
2.698e-01,6.10156
2.699e-01,6.28516
2.701e-01,6.06641
2.702e-01,6.25781
2.704e-01,6.06641
2.706e-01,6.08008
2.707e-01,6.19922
2.709e-01,6.41797
2.710e-01,6.19141
2.712e-01,6.38476
2.714e-01,6.36914
2.715e-01,6.40039
2.717e-01,6.51562
2.718e-01,6.50781
2.720e-01,6.51562
2.722e-01,6.53125
2.723e-01,6.5
2.725e-01,6.53125
2.726e-01,6.68555
2.728e-01,6.63476
2.730e-01,6.8125
2.731e-01,6.80469
2.733e-01,6.8457
2.734e-01,6.61523
2.736e-01,6.96094
2.738e-01,6.95312
2.739e-01,7.125
2.741e-01,6.73242
2.742e-01,6.94531
2.744e-01,6.93945
2.746e-01,7.08008
2.747e-01,7.07031
2.749e-01,7.12891
2.750e-01,7.08008
2.752e-01,7.27539
2.754e-01,7.08594
2.755e-01,7.42969
2.757e-01,7.20508
2.758e-01,7.21289
2.760e-01,7.20703
2.762e-01,7.42969
2.763e-01,7.21484
2.765e-01,7.53125
2.766e-01,7.55859
2.768e-01,7.52344
2.770e-01,7.52344
2.771e-01,7.51562
2.773e-01,7.55859
2.774e-01,7.64062
2.776e-01,7.84766
2.778e-01,7.65039
2.779e-01,7.83984
2.781e-01,7.61914
2.782e-01,7.81055
2.784e-01,7.95508
2.786e-01,7.94726
2.787e-01,7.75781
2.789e-01,7.91992
2.790e-01,7.93945
2.792e-01,7.94726
2.794e-01,8.0625
2.795e-01,8.13281
2.797e-01,8.08398
2.798e-01,8.28906
2.800e-01,8.30859
2.802e-01,8.29883
2.803e-01,8.20312
2.805e-01,8.16992
2.806e-01,8.38672
2.808e-01,8.4082
2.810e-01,8.35937
2.811e-01,8.35351
2.813e-01,8.53125
2.814e-01,8.34961
2.816e-01,8.54687
2.818e-01,8.53125
2.819e-01,8.52344
2.821e-01,8.49219
2.822e-01,8.63476
2.824e-01,8.69531
2.826e-01,8.86523
2.827e-01,8.66406
2.829e-01,8.66797
2.830e-01,8.67969
2.832e-01,8.96875
2.834e-01,8.98437
2.835e-01,8.93945
2.837e-01,8.80273
2.838e-01,8.94531
2.840e-01,8.98437
2.842e-01,9.10351
2.843e-01,9.25391
2.845e-01,9.25195
2.846e-01,9.25976
2.848e-01,9.07812
2.850e-01,9.12891
2.851e-01,9.39648
2.853e-01,9.43945
2.854e-01,9.42773
2.856e-01,9.40234
2.858e-01,9.42969
2.859e-01,9.18555
2.861e-01,9.56445
2.862e-01,9.52344
2.864e-01,9.49219
2.866e-01,9.54687
2.867e-01,9.5625
2.869e-01,9.53125
2.870e-01,9.6875
2.872e-01,9.67187
2.874e-01,9.63086
2.875e-01,9.85742
2.877e-01,9.66797
2.878e-01,9.70312
2.880e-01,9.98437
2.882e-01,9.93555
2.883e-01,9.74414
2.885e-01,9.98437
2.886e-01,9.95312
2.888e-01,9.93945
2.890e-01,10.0801
2.891e-01,10.0801
2.893e-01,10.2871
2.894e-01,10.1055
2.896e-01,10.2812
2.898e-01,10.0918
2.899e-01,10.2246
2.901e-01,10.4219
2.902e-01,10.418
2.904e-01,10.2266
2.906e-01,10.1914
2.907e-01,10.2012
2.909e-01,10.7363
2.910e-01,10.5547
2.912e-01,10.7324
2.914e-01,10.5625
2.915e-01,10.584
2.917e-01,10.5625
2.918e-01,10.8516
2.920e-01,10.6836
2.922e-01,10.8516
2.923e-01,10.6523
2.925e-01,10.5859
2.926e-01,10.6934
2.928e-01,10.9687
2.930e-01,10.9395
2.931e-01,11.0156
2.933e-01,10.9473
2.934e-01,11.0078
2.936e-01,10.9766

